BEGIN;
INSERT INTO users (id_user, firstname, lastname, email, password, birthdate, gender, adress, phone) VALUES ('a08f709b-16ae-4102-b83e-224462ad3a8a', 'Alice', 'Dupont', 'alice@example.com', 'hashed_pwd1', '1990-01-01', 'F', '123 Rue A', '0102030405');
INSERT INTO users (id_user, firstname, lastname, email, password, birthdate, gender, adress, phone) VALUES ('8c7bab06-fc5e-450d-8da0-073a0baf3df1', 'Bob', 'Martin', 'bob@example.com', 'hashed_pwd2', '1985-06-15', 'M', '456 Rue B', '0203040506');
INSERT INTO users (id_user, firstname, lastname, email, password, birthdate, gender, adress, phone) VALUES ('53205de3-5dba-4064-b1ba-33657e44fb82', 'Claire', 'Durand', 'claire@example.com', 'hashed_pwd3', '1992-03-22', 'F', '789 Rue C', '0304050607');
INSERT INTO users (id_user, firstname, lastname, email, password, birthdate, gender, adress, phone) VALUES ('a07e8714-3b90-4f33-94e3-9ee91e793bfb', 'David', 'Lemoine', 'david@example.com', 'hashed_pwd4', '1978-11-09', 'M', '101 Rue D', '0405060708');
INSERT INTO users (id_user, firstname, lastname, email, password, birthdate, gender, adress, phone) VALUES ('3f40ece2-5a98-4b08-94d8-5f4cd8177420', 'Emma', 'Bernard', 'emma@example.com', 'hashed_pwd5', '1988-09-30', 'F', '202 Rue E', '0506070809');
INSERT INTO patients (id_patient, id_user) VALUES ('5e56be81-91d9-40f2-8cf1-8241049f1e69', 'a08f709b-16ae-4102-b83e-224462ad3a8a');
INSERT INTO patients (id_patient, id_user) VALUES ('7ed6fc09-e13b-4673-a2ef-f24f55efc4ed', '8c7bab06-fc5e-450d-8da0-073a0baf3df1');
INSERT INTO patients (id_patient, id_user) VALUES ('f9be0ef8-1c24-4be2-9fea-8f699d8fdf67', '53205de3-5dba-4064-b1ba-33657e44fb82');
INSERT INTO practitioners (id_practitioner, id_user, speciality, location) VALUES ('64790ec4-9ca6-46b8-be4b-7ab408d71225', 'a07e8714-3b90-4f33-94e3-9ee91e793bfb', 'Généraliste', 'Paris');
INSERT INTO practitioners (id_practitioner, id_user, speciality, location) VALUES ('051ae03c-e319-46c1-8e53-7995a32f529f', '3f40ece2-5a98-4b08-94d8-5f4cd8177420', 'Généraliste', 'Paris');
INSERT INTO availabilities (id_availability, id_practitioner, date, start_time, end_time) VALUES ('a6495a67-bbc3-4f90-80ca-cb9eac42ed1e', '64790ec4-9ca6-46b8-be4b-7ab408d71225', '2025-08-05', '09:00', '12:00');
INSERT INTO appointment_types (id_appointment_type, id_practitioner, type, duration) VALUES ('5e544c54-e5b9-4e43-98b1-1fd57f45f6ba', '64790ec4-9ca6-46b8-be4b-7ab408d71225', 'Consultation 1', 30);
INSERT INTO appointment_slots (id_appointment_slot, id_practitioner, id_availability, id_appointment_type, date, hour, status) VALUES ('39a8f0a8-4a6c-4174-a837-6f3d547262f5', '64790ec4-9ca6-46b8-be4b-7ab408d71225', 'a6495a67-bbc3-4f90-80ca-cb9eac42ed1e', '5e544c54-e5b9-4e43-98b1-1fd57f45f6ba', '2025-08-05', '09:00', 'free');
INSERT INTO appointment_slots (id_appointment_slot, id_practitioner, id_availability, id_appointment_type, date, hour, status) VALUES ('6fee1fa7-e241-40a5-86c5-cb8760fe7b66', '64790ec4-9ca6-46b8-be4b-7ab408d71225', 'a6495a67-bbc3-4f90-80ca-cb9eac42ed1e', '5e544c54-e5b9-4e43-98b1-1fd57f45f6ba', '2025-08-05', '09:30', 'free');
INSERT INTO appointment_slots (id_appointment_slot, id_practitioner, id_availability, id_appointment_type, date, hour, status) VALUES ('d9431e4b-eaa2-432b-8050-c3dce365dfbc', '64790ec4-9ca6-46b8-be4b-7ab408d71225', 'a6495a67-bbc3-4f90-80ca-cb9eac42ed1e', '5e544c54-e5b9-4e43-98b1-1fd57f45f6ba', '2025-08-05', '10:00', 'free');
INSERT INTO appointment_slots (id_appointment_slot, id_practitioner, id_availability, id_appointment_type, date, hour, status) VALUES ('b6f43713-2d3d-4f79-b0e0-828ebab477c4', '64790ec4-9ca6-46b8-be4b-7ab408d71225', 'a6495a67-bbc3-4f90-80ca-cb9eac42ed1e', '5e544c54-e5b9-4e43-98b1-1fd57f45f6ba', '2025-08-05', '10:30', 'free');
INSERT INTO appointment_slots (id_appointment_slot, id_practitioner, id_availability, id_appointment_type, date, hour, status) VALUES ('caf9eca9-1ef0-42a0-88e8-706765eeec4d', '64790ec4-9ca6-46b8-be4b-7ab408d71225', 'a6495a67-bbc3-4f90-80ca-cb9eac42ed1e', '5e544c54-e5b9-4e43-98b1-1fd57f45f6ba', '2025-08-05', '11:00', 'free');
INSERT INTO appointment_slots (id_appointment_slot, id_practitioner, id_availability, id_appointment_type, date, hour, status) VALUES ('db619c70-7eb3-4a32-ae8f-3ad1ce55bf26', '64790ec4-9ca6-46b8-be4b-7ab408d71225', 'a6495a67-bbc3-4f90-80ca-cb9eac42ed1e', '5e544c54-e5b9-4e43-98b1-1fd57f45f6ba', '2025-08-05', '11:30', 'free');
INSERT INTO appointment_types (id_appointment_type, id_practitioner, type, duration) VALUES ('27b44ab9-4ae8-4cdb-9c81-ee374b7af54f', '64790ec4-9ca6-46b8-be4b-7ab408d71225', 'Consultation 2', 30);
INSERT INTO appointment_slots (id_appointment_slot, id_practitioner, id_availability, id_appointment_type, date, hour, status) VALUES ('abc41158-b5d7-4ba8-8465-ec6de5bb53b1', '64790ec4-9ca6-46b8-be4b-7ab408d71225', 'a6495a67-bbc3-4f90-80ca-cb9eac42ed1e', '27b44ab9-4ae8-4cdb-9c81-ee374b7af54f', '2025-08-05', '09:00', 'free');
INSERT INTO appointment_slots (id_appointment_slot, id_practitioner, id_availability, id_appointment_type, date, hour, status) VALUES ('cd0e9a85-6cac-423b-9b89-1b90db3c79c6', '64790ec4-9ca6-46b8-be4b-7ab408d71225', 'a6495a67-bbc3-4f90-80ca-cb9eac42ed1e', '27b44ab9-4ae8-4cdb-9c81-ee374b7af54f', '2025-08-05', '09:30', 'free');
INSERT INTO appointment_slots (id_appointment_slot, id_practitioner, id_availability, id_appointment_type, date, hour, status) VALUES ('8fd2e3a5-0c64-4901-bc4d-f40cad28219e', '64790ec4-9ca6-46b8-be4b-7ab408d71225', 'a6495a67-bbc3-4f90-80ca-cb9eac42ed1e', '27b44ab9-4ae8-4cdb-9c81-ee374b7af54f', '2025-08-05', '10:00', 'free');
INSERT INTO appointment_slots (id_appointment_slot, id_practitioner, id_availability, id_appointment_type, date, hour, status) VALUES ('0de98f62-f235-4880-b503-c877d78ee85b', '64790ec4-9ca6-46b8-be4b-7ab408d71225', 'a6495a67-bbc3-4f90-80ca-cb9eac42ed1e', '27b44ab9-4ae8-4cdb-9c81-ee374b7af54f', '2025-08-05', '10:30', 'free');
INSERT INTO appointment_slots (id_appointment_slot, id_practitioner, id_availability, id_appointment_type, date, hour, status) VALUES ('0751d780-08b8-4062-9c81-033d6fe59d6d', '64790ec4-9ca6-46b8-be4b-7ab408d71225', 'a6495a67-bbc3-4f90-80ca-cb9eac42ed1e', '27b44ab9-4ae8-4cdb-9c81-ee374b7af54f', '2025-08-05', '11:00', 'free');
INSERT INTO appointment_slots (id_appointment_slot, id_practitioner, id_availability, id_appointment_type, date, hour, status) VALUES ('c6f86098-c1f9-4a92-8a12-df1443506437', '64790ec4-9ca6-46b8-be4b-7ab408d71225', 'a6495a67-bbc3-4f90-80ca-cb9eac42ed1e', '27b44ab9-4ae8-4cdb-9c81-ee374b7af54f', '2025-08-05', '11:30', 'free');
INSERT INTO appointment_types (id_appointment_type, id_practitioner, type, duration) VALUES ('e15f4193-4a45-4522-85a8-cfd94a5c91e5', '64790ec4-9ca6-46b8-be4b-7ab408d71225', 'Consultation 3', 30);
INSERT INTO appointment_slots (id_appointment_slot, id_practitioner, id_availability, id_appointment_type, date, hour, status) VALUES ('1e3d3e0a-f631-4c8e-8428-4b315f1516be', '64790ec4-9ca6-46b8-be4b-7ab408d71225', 'a6495a67-bbc3-4f90-80ca-cb9eac42ed1e', 'e15f4193-4a45-4522-85a8-cfd94a5c91e5', '2025-08-05', '09:00', 'free');
INSERT INTO appointment_slots (id_appointment_slot, id_practitioner, id_availability, id_appointment_type, date, hour, status) VALUES ('1e169599-d6b3-4400-a12f-f81a28c3caf5', '64790ec4-9ca6-46b8-be4b-7ab408d71225', 'a6495a67-bbc3-4f90-80ca-cb9eac42ed1e', 'e15f4193-4a45-4522-85a8-cfd94a5c91e5', '2025-08-05', '09:30', 'free');
INSERT INTO appointment_slots (id_appointment_slot, id_practitioner, id_availability, id_appointment_type, date, hour, status) VALUES ('3e3205cf-8c1d-40bd-afdf-abecee346072', '64790ec4-9ca6-46b8-be4b-7ab408d71225', 'a6495a67-bbc3-4f90-80ca-cb9eac42ed1e', 'e15f4193-4a45-4522-85a8-cfd94a5c91e5', '2025-08-05', '10:00', 'free');
INSERT INTO appointment_slots (id_appointment_slot, id_practitioner, id_availability, id_appointment_type, date, hour, status) VALUES ('9c8a51dc-0180-4f29-8842-7e16ff288df7', '64790ec4-9ca6-46b8-be4b-7ab408d71225', 'a6495a67-bbc3-4f90-80ca-cb9eac42ed1e', 'e15f4193-4a45-4522-85a8-cfd94a5c91e5', '2025-08-05', '10:30', 'free');
INSERT INTO appointment_slots (id_appointment_slot, id_practitioner, id_availability, id_appointment_type, date, hour, status) VALUES ('44ad9dac-5f2c-4058-bbce-7e4a52f80b0c', '64790ec4-9ca6-46b8-be4b-7ab408d71225', 'a6495a67-bbc3-4f90-80ca-cb9eac42ed1e', 'e15f4193-4a45-4522-85a8-cfd94a5c91e5', '2025-08-05', '11:00', 'free');
INSERT INTO appointment_slots (id_appointment_slot, id_practitioner, id_availability, id_appointment_type, date, hour, status) VALUES ('2c78e2eb-eb08-4868-aa15-dd8085ffdaf6', '64790ec4-9ca6-46b8-be4b-7ab408d71225', 'a6495a67-bbc3-4f90-80ca-cb9eac42ed1e', 'e15f4193-4a45-4522-85a8-cfd94a5c91e5', '2025-08-05', '11:30', 'free');
INSERT INTO availabilities (id_availability, id_practitioner, date, start_time, end_time) VALUES ('3b17c087-0e9c-4ebf-8838-d5a1e24b43ab', '64790ec4-9ca6-46b8-be4b-7ab408d71225', '2025-08-07', '14:00', '18:00');
INSERT INTO appointment_types (id_appointment_type, id_practitioner, type, duration) VALUES ('112250dc-9d46-468d-99d0-4e1417dfd70c', '64790ec4-9ca6-46b8-be4b-7ab408d71225', 'Consultation 1', 30);
INSERT INTO appointment_slots (id_appointment_slot, id_practitioner, id_availability, id_appointment_type, date, hour, status) VALUES ('afcc410e-b420-4eb1-8c00-acc2cbbaa2ba', '64790ec4-9ca6-46b8-be4b-7ab408d71225', '3b17c087-0e9c-4ebf-8838-d5a1e24b43ab', '112250dc-9d46-468d-99d0-4e1417dfd70c', '2025-08-07', '14:00', 'free');
INSERT INTO appointment_slots (id_appointment_slot, id_practitioner, id_availability, id_appointment_type, date, hour, status) VALUES ('15f943d8-b611-4aa2-837d-2b8dea408c47', '64790ec4-9ca6-46b8-be4b-7ab408d71225', '3b17c087-0e9c-4ebf-8838-d5a1e24b43ab', '112250dc-9d46-468d-99d0-4e1417dfd70c', '2025-08-07', '14:30', 'free');
INSERT INTO appointment_slots (id_appointment_slot, id_practitioner, id_availability, id_appointment_type, date, hour, status) VALUES ('c4a5c3f4-bf83-4f8f-9a60-8ed9a75beafa', '64790ec4-9ca6-46b8-be4b-7ab408d71225', '3b17c087-0e9c-4ebf-8838-d5a1e24b43ab', '112250dc-9d46-468d-99d0-4e1417dfd70c', '2025-08-07', '15:00', 'free');
INSERT INTO appointment_slots (id_appointment_slot, id_practitioner, id_availability, id_appointment_type, date, hour, status) VALUES ('c8dd6b7a-5460-49b7-af2e-96a23d0060c4', '64790ec4-9ca6-46b8-be4b-7ab408d71225', '3b17c087-0e9c-4ebf-8838-d5a1e24b43ab', '112250dc-9d46-468d-99d0-4e1417dfd70c', '2025-08-07', '15:30', 'free');
INSERT INTO appointment_slots (id_appointment_slot, id_practitioner, id_availability, id_appointment_type, date, hour, status) VALUES ('372366a0-392f-4c41-a657-ca458a5ccb88', '64790ec4-9ca6-46b8-be4b-7ab408d71225', '3b17c087-0e9c-4ebf-8838-d5a1e24b43ab', '112250dc-9d46-468d-99d0-4e1417dfd70c', '2025-08-07', '16:00', 'free');
INSERT INTO appointment_slots (id_appointment_slot, id_practitioner, id_availability, id_appointment_type, date, hour, status) VALUES ('c7c1c60c-978f-4319-9608-b7d81c275259', '64790ec4-9ca6-46b8-be4b-7ab408d71225', '3b17c087-0e9c-4ebf-8838-d5a1e24b43ab', '112250dc-9d46-468d-99d0-4e1417dfd70c', '2025-08-07', '16:30', 'free');
INSERT INTO appointment_types (id_appointment_type, id_practitioner, type, duration) VALUES ('9a3de398-18a1-4ff5-af21-73b2e05a38bc', '64790ec4-9ca6-46b8-be4b-7ab408d71225', 'Consultation 2', 30);
INSERT INTO appointment_slots (id_appointment_slot, id_practitioner, id_availability, id_appointment_type, date, hour, status) VALUES ('84807988-785c-40c1-a8b2-b7531437d126', '64790ec4-9ca6-46b8-be4b-7ab408d71225', '3b17c087-0e9c-4ebf-8838-d5a1e24b43ab', '9a3de398-18a1-4ff5-af21-73b2e05a38bc', '2025-08-07', '14:00', 'free');
INSERT INTO appointment_slots (id_appointment_slot, id_practitioner, id_availability, id_appointment_type, date, hour, status) VALUES ('ca516228-df18-4d37-ab30-df93f7d5d738', '64790ec4-9ca6-46b8-be4b-7ab408d71225', '3b17c087-0e9c-4ebf-8838-d5a1e24b43ab', '9a3de398-18a1-4ff5-af21-73b2e05a38bc', '2025-08-07', '14:30', 'free');
INSERT INTO appointment_slots (id_appointment_slot, id_practitioner, id_availability, id_appointment_type, date, hour, status) VALUES ('0ba28d85-0e33-4cbe-a696-8f2821d8f081', '64790ec4-9ca6-46b8-be4b-7ab408d71225', '3b17c087-0e9c-4ebf-8838-d5a1e24b43ab', '9a3de398-18a1-4ff5-af21-73b2e05a38bc', '2025-08-07', '15:00', 'free');
INSERT INTO appointment_slots (id_appointment_slot, id_practitioner, id_availability, id_appointment_type, date, hour, status) VALUES ('3b83f28d-600d-41fb-8193-c8436dc0f986', '64790ec4-9ca6-46b8-be4b-7ab408d71225', '3b17c087-0e9c-4ebf-8838-d5a1e24b43ab', '9a3de398-18a1-4ff5-af21-73b2e05a38bc', '2025-08-07', '15:30', 'free');
INSERT INTO appointment_slots (id_appointment_slot, id_practitioner, id_availability, id_appointment_type, date, hour, status) VALUES ('5c7d7230-1b28-4180-a59f-db448941f56e', '64790ec4-9ca6-46b8-be4b-7ab408d71225', '3b17c087-0e9c-4ebf-8838-d5a1e24b43ab', '9a3de398-18a1-4ff5-af21-73b2e05a38bc', '2025-08-07', '16:00', 'free');
INSERT INTO appointment_slots (id_appointment_slot, id_practitioner, id_availability, id_appointment_type, date, hour, status) VALUES ('e8cbdf39-b224-465b-8455-a2b352628309', '64790ec4-9ca6-46b8-be4b-7ab408d71225', '3b17c087-0e9c-4ebf-8838-d5a1e24b43ab', '9a3de398-18a1-4ff5-af21-73b2e05a38bc', '2025-08-07', '16:30', 'free');
INSERT INTO appointment_types (id_appointment_type, id_practitioner, type, duration) VALUES ('788d0f75-4ffc-421b-a8f9-ba5de668f069', '64790ec4-9ca6-46b8-be4b-7ab408d71225', 'Consultation 3', 30);
INSERT INTO appointment_slots (id_appointment_slot, id_practitioner, id_availability, id_appointment_type, date, hour, status) VALUES ('ead738f8-200d-4059-b410-af9d51ea2c63', '64790ec4-9ca6-46b8-be4b-7ab408d71225', '3b17c087-0e9c-4ebf-8838-d5a1e24b43ab', '788d0f75-4ffc-421b-a8f9-ba5de668f069', '2025-08-07', '14:00', 'free');
INSERT INTO appointment_slots (id_appointment_slot, id_practitioner, id_availability, id_appointment_type, date, hour, status) VALUES ('be8c7f06-0e7d-445e-8a3c-7290dd653031', '64790ec4-9ca6-46b8-be4b-7ab408d71225', '3b17c087-0e9c-4ebf-8838-d5a1e24b43ab', '788d0f75-4ffc-421b-a8f9-ba5de668f069', '2025-08-07', '14:30', 'free');
INSERT INTO appointment_slots (id_appointment_slot, id_practitioner, id_availability, id_appointment_type, date, hour, status) VALUES ('5f447d55-5571-459d-a0a1-94f0a0a0d668', '64790ec4-9ca6-46b8-be4b-7ab408d71225', '3b17c087-0e9c-4ebf-8838-d5a1e24b43ab', '788d0f75-4ffc-421b-a8f9-ba5de668f069', '2025-08-07', '15:00', 'free');
INSERT INTO appointment_slots (id_appointment_slot, id_practitioner, id_availability, id_appointment_type, date, hour, status) VALUES ('69161f15-dec8-470c-b947-d6335768989b', '64790ec4-9ca6-46b8-be4b-7ab408d71225', '3b17c087-0e9c-4ebf-8838-d5a1e24b43ab', '788d0f75-4ffc-421b-a8f9-ba5de668f069', '2025-08-07', '15:30', 'free');
INSERT INTO appointment_slots (id_appointment_slot, id_practitioner, id_availability, id_appointment_type, date, hour, status) VALUES ('9727f7c2-2666-4bf2-893b-b0380195dcd4', '64790ec4-9ca6-46b8-be4b-7ab408d71225', '3b17c087-0e9c-4ebf-8838-d5a1e24b43ab', '788d0f75-4ffc-421b-a8f9-ba5de668f069', '2025-08-07', '16:00', 'free');
INSERT INTO appointment_slots (id_appointment_slot, id_practitioner, id_availability, id_appointment_type, date, hour, status) VALUES ('d72ec5f7-e0b2-4ef0-a9de-ee0d645e1b4d', '64790ec4-9ca6-46b8-be4b-7ab408d71225', '3b17c087-0e9c-4ebf-8838-d5a1e24b43ab', '788d0f75-4ffc-421b-a8f9-ba5de668f069', '2025-08-07', '16:30', 'free');
INSERT INTO availabilities (id_availability, id_practitioner, date, start_time, end_time) VALUES ('28949c5f-9732-4101-87cf-940e9bbe06be', '64790ec4-9ca6-46b8-be4b-7ab408d71225', '2025-08-09', '09:00', '12:00');
INSERT INTO appointment_types (id_appointment_type, id_practitioner, type, duration) VALUES ('0cfb44be-6077-4437-9145-c0fd12d551a9', '64790ec4-9ca6-46b8-be4b-7ab408d71225', 'Consultation 1', 30);
INSERT INTO appointment_slots (id_appointment_slot, id_practitioner, id_availability, id_appointment_type, date, hour, status) VALUES ('36be2a8b-72fb-46c2-8b31-199d51504248', '64790ec4-9ca6-46b8-be4b-7ab408d71225', '28949c5f-9732-4101-87cf-940e9bbe06be', '0cfb44be-6077-4437-9145-c0fd12d551a9', '2025-08-09', '09:00', 'free');
INSERT INTO appointment_slots (id_appointment_slot, id_practitioner, id_availability, id_appointment_type, date, hour, status) VALUES ('0217eb92-aa1b-43a3-af33-5785da26a980', '64790ec4-9ca6-46b8-be4b-7ab408d71225', '28949c5f-9732-4101-87cf-940e9bbe06be', '0cfb44be-6077-4437-9145-c0fd12d551a9', '2025-08-09', '09:30', 'free');
INSERT INTO appointment_slots (id_appointment_slot, id_practitioner, id_availability, id_appointment_type, date, hour, status) VALUES ('3e1b2295-0886-4b59-9cee-efded597163b', '64790ec4-9ca6-46b8-be4b-7ab408d71225', '28949c5f-9732-4101-87cf-940e9bbe06be', '0cfb44be-6077-4437-9145-c0fd12d551a9', '2025-08-09', '10:00', 'free');
INSERT INTO appointment_slots (id_appointment_slot, id_practitioner, id_availability, id_appointment_type, date, hour, status) VALUES ('36569e1b-340b-4235-8719-044c87e7d51a', '64790ec4-9ca6-46b8-be4b-7ab408d71225', '28949c5f-9732-4101-87cf-940e9bbe06be', '0cfb44be-6077-4437-9145-c0fd12d551a9', '2025-08-09', '10:30', 'free');
INSERT INTO appointment_slots (id_appointment_slot, id_practitioner, id_availability, id_appointment_type, date, hour, status) VALUES ('cf117610-339a-42f0-ae12-4cd9f9c10c8d', '64790ec4-9ca6-46b8-be4b-7ab408d71225', '28949c5f-9732-4101-87cf-940e9bbe06be', '0cfb44be-6077-4437-9145-c0fd12d551a9', '2025-08-09', '11:00', 'free');
INSERT INTO appointment_slots (id_appointment_slot, id_practitioner, id_availability, id_appointment_type, date, hour, status) VALUES ('cb78ae3c-bfc7-4d49-9473-115709f682b8', '64790ec4-9ca6-46b8-be4b-7ab408d71225', '28949c5f-9732-4101-87cf-940e9bbe06be', '0cfb44be-6077-4437-9145-c0fd12d551a9', '2025-08-09', '11:30', 'free');
INSERT INTO appointment_types (id_appointment_type, id_practitioner, type, duration) VALUES ('d6c064f1-12b2-498d-b376-115715e9ec7f', '64790ec4-9ca6-46b8-be4b-7ab408d71225', 'Consultation 2', 30);
INSERT INTO appointment_slots (id_appointment_slot, id_practitioner, id_availability, id_appointment_type, date, hour, status) VALUES ('ad9e457e-c79e-43bc-a994-229c947632c2', '64790ec4-9ca6-46b8-be4b-7ab408d71225', '28949c5f-9732-4101-87cf-940e9bbe06be', 'd6c064f1-12b2-498d-b376-115715e9ec7f', '2025-08-09', '09:00', 'free');
INSERT INTO appointment_slots (id_appointment_slot, id_practitioner, id_availability, id_appointment_type, date, hour, status) VALUES ('65ddcbd0-a26f-4e47-ab4a-451f75e5f9bd', '64790ec4-9ca6-46b8-be4b-7ab408d71225', '28949c5f-9732-4101-87cf-940e9bbe06be', 'd6c064f1-12b2-498d-b376-115715e9ec7f', '2025-08-09', '09:30', 'free');
INSERT INTO appointment_slots (id_appointment_slot, id_practitioner, id_availability, id_appointment_type, date, hour, status) VALUES ('4324e2a1-e8f6-402d-b120-e77be364a272', '64790ec4-9ca6-46b8-be4b-7ab408d71225', '28949c5f-9732-4101-87cf-940e9bbe06be', 'd6c064f1-12b2-498d-b376-115715e9ec7f', '2025-08-09', '10:00', 'free');
INSERT INTO appointment_slots (id_appointment_slot, id_practitioner, id_availability, id_appointment_type, date, hour, status) VALUES ('609fe744-0a12-4bb7-b736-fab2a0bff4b7', '64790ec4-9ca6-46b8-be4b-7ab408d71225', '28949c5f-9732-4101-87cf-940e9bbe06be', 'd6c064f1-12b2-498d-b376-115715e9ec7f', '2025-08-09', '10:30', 'free');
INSERT INTO appointment_slots (id_appointment_slot, id_practitioner, id_availability, id_appointment_type, date, hour, status) VALUES ('445f5af4-82c5-438c-98ff-c80c1469c586', '64790ec4-9ca6-46b8-be4b-7ab408d71225', '28949c5f-9732-4101-87cf-940e9bbe06be', 'd6c064f1-12b2-498d-b376-115715e9ec7f', '2025-08-09', '11:00', 'free');
INSERT INTO appointment_slots (id_appointment_slot, id_practitioner, id_availability, id_appointment_type, date, hour, status) VALUES ('543f2f79-fa3e-46e7-a95c-1fd453069827', '64790ec4-9ca6-46b8-be4b-7ab408d71225', '28949c5f-9732-4101-87cf-940e9bbe06be', 'd6c064f1-12b2-498d-b376-115715e9ec7f', '2025-08-09', '11:30', 'free');
INSERT INTO appointment_types (id_appointment_type, id_practitioner, type, duration) VALUES ('e2f80147-1248-4a62-bbc0-9d7197f5b28d', '64790ec4-9ca6-46b8-be4b-7ab408d71225', 'Consultation 3', 30);
INSERT INTO appointment_slots (id_appointment_slot, id_practitioner, id_availability, id_appointment_type, date, hour, status) VALUES ('3fef4ddc-97d6-4f55-beff-8227c369667f', '64790ec4-9ca6-46b8-be4b-7ab408d71225', '28949c5f-9732-4101-87cf-940e9bbe06be', 'e2f80147-1248-4a62-bbc0-9d7197f5b28d', '2025-08-09', '09:00', 'free');
INSERT INTO appointment_slots (id_appointment_slot, id_practitioner, id_availability, id_appointment_type, date, hour, status) VALUES ('9f60989b-9625-493c-8910-962f2e912838', '64790ec4-9ca6-46b8-be4b-7ab408d71225', '28949c5f-9732-4101-87cf-940e9bbe06be', 'e2f80147-1248-4a62-bbc0-9d7197f5b28d', '2025-08-09', '09:30', 'free');
INSERT INTO appointment_slots (id_appointment_slot, id_practitioner, id_availability, id_appointment_type, date, hour, status) VALUES ('cdfb3d4b-708a-427a-9e9a-ec0403858afc', '64790ec4-9ca6-46b8-be4b-7ab408d71225', '28949c5f-9732-4101-87cf-940e9bbe06be', 'e2f80147-1248-4a62-bbc0-9d7197f5b28d', '2025-08-09', '10:00', 'free');
INSERT INTO appointment_slots (id_appointment_slot, id_practitioner, id_availability, id_appointment_type, date, hour, status) VALUES ('a2303ee2-059b-4601-9682-3adfdb455f17', '64790ec4-9ca6-46b8-be4b-7ab408d71225', '28949c5f-9732-4101-87cf-940e9bbe06be', 'e2f80147-1248-4a62-bbc0-9d7197f5b28d', '2025-08-09', '10:30', 'free');
INSERT INTO appointment_slots (id_appointment_slot, id_practitioner, id_availability, id_appointment_type, date, hour, status) VALUES ('836900f9-4be2-4aa7-a47e-6dd0e7e710fd', '64790ec4-9ca6-46b8-be4b-7ab408d71225', '28949c5f-9732-4101-87cf-940e9bbe06be', 'e2f80147-1248-4a62-bbc0-9d7197f5b28d', '2025-08-09', '11:00', 'free');
INSERT INTO appointment_slots (id_appointment_slot, id_practitioner, id_availability, id_appointment_type, date, hour, status) VALUES ('096dbd47-f2a8-4bfd-9cec-a8b820416316', '64790ec4-9ca6-46b8-be4b-7ab408d71225', '28949c5f-9732-4101-87cf-940e9bbe06be', 'e2f80147-1248-4a62-bbc0-9d7197f5b28d', '2025-08-09', '11:30', 'free');
INSERT INTO availabilities (id_availability, id_practitioner, date, start_time, end_time) VALUES ('71419f6c-8b6a-47c3-af63-4ecf41f666bb', '051ae03c-e319-46c1-8e53-7995a32f529f', '2025-08-05', '09:00', '12:00');
INSERT INTO appointment_types (id_appointment_type, id_practitioner, type, duration) VALUES ('4fbdeea7-29fc-41a4-bacd-267f022d8544', '051ae03c-e319-46c1-8e53-7995a32f529f', 'Consultation 1', 30);
INSERT INTO appointment_slots (id_appointment_slot, id_practitioner, id_availability, id_appointment_type, date, hour, status) VALUES ('62dab355-c418-4567-8764-16dc5a713ddb', '051ae03c-e319-46c1-8e53-7995a32f529f', '71419f6c-8b6a-47c3-af63-4ecf41f666bb', '4fbdeea7-29fc-41a4-bacd-267f022d8544', '2025-08-05', '09:00', 'free');
INSERT INTO appointment_slots (id_appointment_slot, id_practitioner, id_availability, id_appointment_type, date, hour, status) VALUES ('049d3fdc-1463-4e83-97a7-ec81b0858d63', '051ae03c-e319-46c1-8e53-7995a32f529f', '71419f6c-8b6a-47c3-af63-4ecf41f666bb', '4fbdeea7-29fc-41a4-bacd-267f022d8544', '2025-08-05', '09:30', 'free');
INSERT INTO appointment_slots (id_appointment_slot, id_practitioner, id_availability, id_appointment_type, date, hour, status) VALUES ('29689faf-8c78-4175-babc-21e8736c0f7c', '051ae03c-e319-46c1-8e53-7995a32f529f', '71419f6c-8b6a-47c3-af63-4ecf41f666bb', '4fbdeea7-29fc-41a4-bacd-267f022d8544', '2025-08-05', '10:00', 'free');
INSERT INTO appointment_slots (id_appointment_slot, id_practitioner, id_availability, id_appointment_type, date, hour, status) VALUES ('7ebe63ea-1311-4a48-b838-2e7fb8d89208', '051ae03c-e319-46c1-8e53-7995a32f529f', '71419f6c-8b6a-47c3-af63-4ecf41f666bb', '4fbdeea7-29fc-41a4-bacd-267f022d8544', '2025-08-05', '10:30', 'free');
INSERT INTO appointment_slots (id_appointment_slot, id_practitioner, id_availability, id_appointment_type, date, hour, status) VALUES ('ca3da26e-34eb-44ea-8d07-ed0698bac058', '051ae03c-e319-46c1-8e53-7995a32f529f', '71419f6c-8b6a-47c3-af63-4ecf41f666bb', '4fbdeea7-29fc-41a4-bacd-267f022d8544', '2025-08-05', '11:00', 'free');
INSERT INTO appointment_slots (id_appointment_slot, id_practitioner, id_availability, id_appointment_type, date, hour, status) VALUES ('97187d74-89f6-44c5-b8be-344bc26adc46', '051ae03c-e319-46c1-8e53-7995a32f529f', '71419f6c-8b6a-47c3-af63-4ecf41f666bb', '4fbdeea7-29fc-41a4-bacd-267f022d8544', '2025-08-05', '11:30', 'free');
INSERT INTO appointment_types (id_appointment_type, id_practitioner, type, duration) VALUES ('8c6eed8b-0d02-4ce4-afb3-b4f2c7a3454c', '051ae03c-e319-46c1-8e53-7995a32f529f', 'Consultation 2', 30);
INSERT INTO appointment_slots (id_appointment_slot, id_practitioner, id_availability, id_appointment_type, date, hour, status) VALUES ('0488b311-0e84-4010-93dc-91f8137bb4ab', '051ae03c-e319-46c1-8e53-7995a32f529f', '71419f6c-8b6a-47c3-af63-4ecf41f666bb', '8c6eed8b-0d02-4ce4-afb3-b4f2c7a3454c', '2025-08-05', '09:00', 'free');
INSERT INTO appointment_slots (id_appointment_slot, id_practitioner, id_availability, id_appointment_type, date, hour, status) VALUES ('99cdb1f6-0ba2-4625-91b6-a308137864e1', '051ae03c-e319-46c1-8e53-7995a32f529f', '71419f6c-8b6a-47c3-af63-4ecf41f666bb', '8c6eed8b-0d02-4ce4-afb3-b4f2c7a3454c', '2025-08-05', '09:30', 'free');
INSERT INTO appointment_slots (id_appointment_slot, id_practitioner, id_availability, id_appointment_type, date, hour, status) VALUES ('02a63204-80da-41fb-822c-7d5e7580adfa', '051ae03c-e319-46c1-8e53-7995a32f529f', '71419f6c-8b6a-47c3-af63-4ecf41f666bb', '8c6eed8b-0d02-4ce4-afb3-b4f2c7a3454c', '2025-08-05', '10:00', 'free');
INSERT INTO appointment_slots (id_appointment_slot, id_practitioner, id_availability, id_appointment_type, date, hour, status) VALUES ('2cf0f177-283b-4e29-968a-f1ea53cb923a', '051ae03c-e319-46c1-8e53-7995a32f529f', '71419f6c-8b6a-47c3-af63-4ecf41f666bb', '8c6eed8b-0d02-4ce4-afb3-b4f2c7a3454c', '2025-08-05', '10:30', 'free');
INSERT INTO appointment_slots (id_appointment_slot, id_practitioner, id_availability, id_appointment_type, date, hour, status) VALUES ('d51b56dc-3e89-4f61-97ac-9e93455c672e', '051ae03c-e319-46c1-8e53-7995a32f529f', '71419f6c-8b6a-47c3-af63-4ecf41f666bb', '8c6eed8b-0d02-4ce4-afb3-b4f2c7a3454c', '2025-08-05', '11:00', 'free');
INSERT INTO appointment_slots (id_appointment_slot, id_practitioner, id_availability, id_appointment_type, date, hour, status) VALUES ('e4aa6fd8-5a35-4f88-a9cc-a63ac74381bf', '051ae03c-e319-46c1-8e53-7995a32f529f', '71419f6c-8b6a-47c3-af63-4ecf41f666bb', '8c6eed8b-0d02-4ce4-afb3-b4f2c7a3454c', '2025-08-05', '11:30', 'free');
INSERT INTO appointment_types (id_appointment_type, id_practitioner, type, duration) VALUES ('6a587a9d-037f-43ea-b6ff-25a99e1ad8ac', '051ae03c-e319-46c1-8e53-7995a32f529f', 'Consultation 3', 30);
INSERT INTO appointment_slots (id_appointment_slot, id_practitioner, id_availability, id_appointment_type, date, hour, status) VALUES ('36fba19f-09f7-4e51-acb5-6a96e6f94895', '051ae03c-e319-46c1-8e53-7995a32f529f', '71419f6c-8b6a-47c3-af63-4ecf41f666bb', '6a587a9d-037f-43ea-b6ff-25a99e1ad8ac', '2025-08-05', '09:00', 'free');
INSERT INTO appointment_slots (id_appointment_slot, id_practitioner, id_availability, id_appointment_type, date, hour, status) VALUES ('fd9f2786-bfe7-4ea6-8da2-0f09c10d3f27', '051ae03c-e319-46c1-8e53-7995a32f529f', '71419f6c-8b6a-47c3-af63-4ecf41f666bb', '6a587a9d-037f-43ea-b6ff-25a99e1ad8ac', '2025-08-05', '09:30', 'free');
INSERT INTO appointment_slots (id_appointment_slot, id_practitioner, id_availability, id_appointment_type, date, hour, status) VALUES ('d789407a-9e20-4ad2-80b4-25007f8a5789', '051ae03c-e319-46c1-8e53-7995a32f529f', '71419f6c-8b6a-47c3-af63-4ecf41f666bb', '6a587a9d-037f-43ea-b6ff-25a99e1ad8ac', '2025-08-05', '10:00', 'free');
INSERT INTO appointment_slots (id_appointment_slot, id_practitioner, id_availability, id_appointment_type, date, hour, status) VALUES ('84cb1ca8-bbf2-4320-bc6e-c320c7f2fa52', '051ae03c-e319-46c1-8e53-7995a32f529f', '71419f6c-8b6a-47c3-af63-4ecf41f666bb', '6a587a9d-037f-43ea-b6ff-25a99e1ad8ac', '2025-08-05', '10:30', 'free');
INSERT INTO appointment_slots (id_appointment_slot, id_practitioner, id_availability, id_appointment_type, date, hour, status) VALUES ('ba6036bf-03d9-459f-a06e-447465310aa3', '051ae03c-e319-46c1-8e53-7995a32f529f', '71419f6c-8b6a-47c3-af63-4ecf41f666bb', '6a587a9d-037f-43ea-b6ff-25a99e1ad8ac', '2025-08-05', '11:00', 'free');
INSERT INTO appointment_slots (id_appointment_slot, id_practitioner, id_availability, id_appointment_type, date, hour, status) VALUES ('b4751595-4ab7-4350-8482-42b002fb4789', '051ae03c-e319-46c1-8e53-7995a32f529f', '71419f6c-8b6a-47c3-af63-4ecf41f666bb', '6a587a9d-037f-43ea-b6ff-25a99e1ad8ac', '2025-08-05', '11:30', 'free');
INSERT INTO availabilities (id_availability, id_practitioner, date, start_time, end_time) VALUES ('0d6e5461-11e5-4844-8bac-1479402dbb08', '051ae03c-e319-46c1-8e53-7995a32f529f', '2025-08-07', '14:00', '18:00');
INSERT INTO appointment_types (id_appointment_type, id_practitioner, type, duration) VALUES ('c598bc53-789e-43c3-85ca-3882be33b66e', '051ae03c-e319-46c1-8e53-7995a32f529f', 'Consultation 1', 30);
INSERT INTO appointment_slots (id_appointment_slot, id_practitioner, id_availability, id_appointment_type, date, hour, status) VALUES ('03687f15-a9e5-4964-b024-8e18e13805a0', '051ae03c-e319-46c1-8e53-7995a32f529f', '0d6e5461-11e5-4844-8bac-1479402dbb08', 'c598bc53-789e-43c3-85ca-3882be33b66e', '2025-08-07', '14:00', 'free');
INSERT INTO appointment_slots (id_appointment_slot, id_practitioner, id_availability, id_appointment_type, date, hour, status) VALUES ('9d293c4c-a040-4872-aadb-12a41741211b', '051ae03c-e319-46c1-8e53-7995a32f529f', '0d6e5461-11e5-4844-8bac-1479402dbb08', 'c598bc53-789e-43c3-85ca-3882be33b66e', '2025-08-07', '14:30', 'free');
INSERT INTO appointment_slots (id_appointment_slot, id_practitioner, id_availability, id_appointment_type, date, hour, status) VALUES ('da54496f-f64a-42f0-b3fe-a871ce30da3e', '051ae03c-e319-46c1-8e53-7995a32f529f', '0d6e5461-11e5-4844-8bac-1479402dbb08', 'c598bc53-789e-43c3-85ca-3882be33b66e', '2025-08-07', '15:00', 'free');
INSERT INTO appointment_slots (id_appointment_slot, id_practitioner, id_availability, id_appointment_type, date, hour, status) VALUES ('2492ecf5-d3ab-4a4f-9d5d-5f0ddc32344d', '051ae03c-e319-46c1-8e53-7995a32f529f', '0d6e5461-11e5-4844-8bac-1479402dbb08', 'c598bc53-789e-43c3-85ca-3882be33b66e', '2025-08-07', '15:30', 'free');
INSERT INTO appointment_slots (id_appointment_slot, id_practitioner, id_availability, id_appointment_type, date, hour, status) VALUES ('f3bbacb6-a260-4ee8-8610-61f6e0d2942b', '051ae03c-e319-46c1-8e53-7995a32f529f', '0d6e5461-11e5-4844-8bac-1479402dbb08', 'c598bc53-789e-43c3-85ca-3882be33b66e', '2025-08-07', '16:00', 'free');
INSERT INTO appointment_slots (id_appointment_slot, id_practitioner, id_availability, id_appointment_type, date, hour, status) VALUES ('d8faba3d-12ce-4c3c-a5d6-af7eddc12bc4', '051ae03c-e319-46c1-8e53-7995a32f529f', '0d6e5461-11e5-4844-8bac-1479402dbb08', 'c598bc53-789e-43c3-85ca-3882be33b66e', '2025-08-07', '16:30', 'free');
INSERT INTO appointment_types (id_appointment_type, id_practitioner, type, duration) VALUES ('bac5e583-af05-45a6-b6b3-1f34f2892d73', '051ae03c-e319-46c1-8e53-7995a32f529f', 'Consultation 2', 30);
INSERT INTO appointment_slots (id_appointment_slot, id_practitioner, id_availability, id_appointment_type, date, hour, status) VALUES ('e5d37ead-9e38-4a38-b531-feed734fd8d7', '051ae03c-e319-46c1-8e53-7995a32f529f', '0d6e5461-11e5-4844-8bac-1479402dbb08', 'bac5e583-af05-45a6-b6b3-1f34f2892d73', '2025-08-07', '14:00', 'free');
INSERT INTO appointment_slots (id_appointment_slot, id_practitioner, id_availability, id_appointment_type, date, hour, status) VALUES ('0534a57d-201a-4afa-82c2-032376f40b10', '051ae03c-e319-46c1-8e53-7995a32f529f', '0d6e5461-11e5-4844-8bac-1479402dbb08', 'bac5e583-af05-45a6-b6b3-1f34f2892d73', '2025-08-07', '14:30', 'free');
INSERT INTO appointment_slots (id_appointment_slot, id_practitioner, id_availability, id_appointment_type, date, hour, status) VALUES ('83f08f4b-d851-46f1-984d-936d239aad8c', '051ae03c-e319-46c1-8e53-7995a32f529f', '0d6e5461-11e5-4844-8bac-1479402dbb08', 'bac5e583-af05-45a6-b6b3-1f34f2892d73', '2025-08-07', '15:00', 'free');
INSERT INTO appointment_slots (id_appointment_slot, id_practitioner, id_availability, id_appointment_type, date, hour, status) VALUES ('5536f005-7f03-4e90-b23f-07a2bc1860ad', '051ae03c-e319-46c1-8e53-7995a32f529f', '0d6e5461-11e5-4844-8bac-1479402dbb08', 'bac5e583-af05-45a6-b6b3-1f34f2892d73', '2025-08-07', '15:30', 'free');
INSERT INTO appointment_slots (id_appointment_slot, id_practitioner, id_availability, id_appointment_type, date, hour, status) VALUES ('3b81f68d-2916-49f3-9463-206a1d51c8b7', '051ae03c-e319-46c1-8e53-7995a32f529f', '0d6e5461-11e5-4844-8bac-1479402dbb08', 'bac5e583-af05-45a6-b6b3-1f34f2892d73', '2025-08-07', '16:00', 'free');
INSERT INTO appointment_slots (id_appointment_slot, id_practitioner, id_availability, id_appointment_type, date, hour, status) VALUES ('5fc4ec4d-aea3-484f-8e02-709a8aa17e50', '051ae03c-e319-46c1-8e53-7995a32f529f', '0d6e5461-11e5-4844-8bac-1479402dbb08', 'bac5e583-af05-45a6-b6b3-1f34f2892d73', '2025-08-07', '16:30', 'free');
INSERT INTO appointment_types (id_appointment_type, id_practitioner, type, duration) VALUES ('ac5b3071-f50c-44a3-8511-f7000a2b2fc4', '051ae03c-e319-46c1-8e53-7995a32f529f', 'Consultation 3', 30);
INSERT INTO appointment_slots (id_appointment_slot, id_practitioner, id_availability, id_appointment_type, date, hour, status) VALUES ('8504def4-63c4-426c-8949-b20597be7281', '051ae03c-e319-46c1-8e53-7995a32f529f', '0d6e5461-11e5-4844-8bac-1479402dbb08', 'ac5b3071-f50c-44a3-8511-f7000a2b2fc4', '2025-08-07', '14:00', 'free');
INSERT INTO appointment_slots (id_appointment_slot, id_practitioner, id_availability, id_appointment_type, date, hour, status) VALUES ('7b773b24-8d4d-463f-980a-c011227260c6', '051ae03c-e319-46c1-8e53-7995a32f529f', '0d6e5461-11e5-4844-8bac-1479402dbb08', 'ac5b3071-f50c-44a3-8511-f7000a2b2fc4', '2025-08-07', '14:30', 'free');
INSERT INTO appointment_slots (id_appointment_slot, id_practitioner, id_availability, id_appointment_type, date, hour, status) VALUES ('04231421-19fe-40d4-8f93-a34114d6892a', '051ae03c-e319-46c1-8e53-7995a32f529f', '0d6e5461-11e5-4844-8bac-1479402dbb08', 'ac5b3071-f50c-44a3-8511-f7000a2b2fc4', '2025-08-07', '15:00', 'free');
INSERT INTO appointment_slots (id_appointment_slot, id_practitioner, id_availability, id_appointment_type, date, hour, status) VALUES ('bc725574-56da-42bc-bd2c-b450ced5cff6', '051ae03c-e319-46c1-8e53-7995a32f529f', '0d6e5461-11e5-4844-8bac-1479402dbb08', 'ac5b3071-f50c-44a3-8511-f7000a2b2fc4', '2025-08-07', '15:30', 'free');
INSERT INTO appointment_slots (id_appointment_slot, id_practitioner, id_availability, id_appointment_type, date, hour, status) VALUES ('2f9381b1-57a1-4a84-a68b-13dfc3291246', '051ae03c-e319-46c1-8e53-7995a32f529f', '0d6e5461-11e5-4844-8bac-1479402dbb08', 'ac5b3071-f50c-44a3-8511-f7000a2b2fc4', '2025-08-07', '16:00', 'free');
INSERT INTO appointment_slots (id_appointment_slot, id_practitioner, id_availability, id_appointment_type, date, hour, status) VALUES ('5a7751e7-08b1-4747-8670-eb2d0d530cd8', '051ae03c-e319-46c1-8e53-7995a32f529f', '0d6e5461-11e5-4844-8bac-1479402dbb08', 'ac5b3071-f50c-44a3-8511-f7000a2b2fc4', '2025-08-07', '16:30', 'free');
INSERT INTO availabilities (id_availability, id_practitioner, date, start_time, end_time) VALUES ('a3a9fb21-b3c1-4378-8bee-0eebafbf6d32', '051ae03c-e319-46c1-8e53-7995a32f529f', '2025-08-09', '09:00', '12:00');
INSERT INTO appointment_types (id_appointment_type, id_practitioner, type, duration) VALUES ('3fd61483-4ac4-4f31-b6b0-78544304614b', '051ae03c-e319-46c1-8e53-7995a32f529f', 'Consultation 1', 30);
INSERT INTO appointment_slots (id_appointment_slot, id_practitioner, id_availability, id_appointment_type, date, hour, status) VALUES ('c62da50a-f9ac-4f55-9c3d-b2aaca28f84d', '051ae03c-e319-46c1-8e53-7995a32f529f', 'a3a9fb21-b3c1-4378-8bee-0eebafbf6d32', '3fd61483-4ac4-4f31-b6b0-78544304614b', '2025-08-09', '09:00', 'free');
INSERT INTO appointment_slots (id_appointment_slot, id_practitioner, id_availability, id_appointment_type, date, hour, status) VALUES ('4f3deffe-6ffb-47bb-9f2e-e8a6a8fad08f', '051ae03c-e319-46c1-8e53-7995a32f529f', 'a3a9fb21-b3c1-4378-8bee-0eebafbf6d32', '3fd61483-4ac4-4f31-b6b0-78544304614b', '2025-08-09', '09:30', 'free');
INSERT INTO appointment_slots (id_appointment_slot, id_practitioner, id_availability, id_appointment_type, date, hour, status) VALUES ('9032a601-6b88-4397-9e04-ae653bb5670c', '051ae03c-e319-46c1-8e53-7995a32f529f', 'a3a9fb21-b3c1-4378-8bee-0eebafbf6d32', '3fd61483-4ac4-4f31-b6b0-78544304614b', '2025-08-09', '10:00', 'free');
INSERT INTO appointment_slots (id_appointment_slot, id_practitioner, id_availability, id_appointment_type, date, hour, status) VALUES ('355839dd-5fb7-4d03-8a64-edd927391aaa', '051ae03c-e319-46c1-8e53-7995a32f529f', 'a3a9fb21-b3c1-4378-8bee-0eebafbf6d32', '3fd61483-4ac4-4f31-b6b0-78544304614b', '2025-08-09', '10:30', 'free');
INSERT INTO appointment_slots (id_appointment_slot, id_practitioner, id_availability, id_appointment_type, date, hour, status) VALUES ('ab370483-de7b-4e11-8463-3630da2239ef', '051ae03c-e319-46c1-8e53-7995a32f529f', 'a3a9fb21-b3c1-4378-8bee-0eebafbf6d32', '3fd61483-4ac4-4f31-b6b0-78544304614b', '2025-08-09', '11:00', 'free');
INSERT INTO appointment_slots (id_appointment_slot, id_practitioner, id_availability, id_appointment_type, date, hour, status) VALUES ('66118176-eb41-467c-82ec-b21c5a8cdedd', '051ae03c-e319-46c1-8e53-7995a32f529f', 'a3a9fb21-b3c1-4378-8bee-0eebafbf6d32', '3fd61483-4ac4-4f31-b6b0-78544304614b', '2025-08-09', '11:30', 'free');
INSERT INTO appointment_types (id_appointment_type, id_practitioner, type, duration) VALUES ('56fd9091-25ff-4ae1-a0f3-3d940bd03b55', '051ae03c-e319-46c1-8e53-7995a32f529f', 'Consultation 2', 30);
INSERT INTO appointment_slots (id_appointment_slot, id_practitioner, id_availability, id_appointment_type, date, hour, status) VALUES ('2e3021db-1401-4449-885b-f954a00730a2', '051ae03c-e319-46c1-8e53-7995a32f529f', 'a3a9fb21-b3c1-4378-8bee-0eebafbf6d32', '56fd9091-25ff-4ae1-a0f3-3d940bd03b55', '2025-08-09', '09:00', 'free');
INSERT INTO appointment_slots (id_appointment_slot, id_practitioner, id_availability, id_appointment_type, date, hour, status) VALUES ('7a54f179-62a0-46ef-9909-4263ec53ee7d', '051ae03c-e319-46c1-8e53-7995a32f529f', 'a3a9fb21-b3c1-4378-8bee-0eebafbf6d32', '56fd9091-25ff-4ae1-a0f3-3d940bd03b55', '2025-08-09', '09:30', 'free');
INSERT INTO appointment_slots (id_appointment_slot, id_practitioner, id_availability, id_appointment_type, date, hour, status) VALUES ('d99ffe51-a533-4c50-9d75-dee6f8fd22d0', '051ae03c-e319-46c1-8e53-7995a32f529f', 'a3a9fb21-b3c1-4378-8bee-0eebafbf6d32', '56fd9091-25ff-4ae1-a0f3-3d940bd03b55', '2025-08-09', '10:00', 'free');
INSERT INTO appointment_slots (id_appointment_slot, id_practitioner, id_availability, id_appointment_type, date, hour, status) VALUES ('720fc288-d0b9-43b1-951f-6b15e4ec6cb8', '051ae03c-e319-46c1-8e53-7995a32f529f', 'a3a9fb21-b3c1-4378-8bee-0eebafbf6d32', '56fd9091-25ff-4ae1-a0f3-3d940bd03b55', '2025-08-09', '10:30', 'free');
INSERT INTO appointment_slots (id_appointment_slot, id_practitioner, id_availability, id_appointment_type, date, hour, status) VALUES ('a9cdfac9-5c67-43dd-a322-cb822b8c65d1', '051ae03c-e319-46c1-8e53-7995a32f529f', 'a3a9fb21-b3c1-4378-8bee-0eebafbf6d32', '56fd9091-25ff-4ae1-a0f3-3d940bd03b55', '2025-08-09', '11:00', 'free');
INSERT INTO appointment_slots (id_appointment_slot, id_practitioner, id_availability, id_appointment_type, date, hour, status) VALUES ('85ef9afc-9d5c-493b-b127-df4d3d70a543', '051ae03c-e319-46c1-8e53-7995a32f529f', 'a3a9fb21-b3c1-4378-8bee-0eebafbf6d32', '56fd9091-25ff-4ae1-a0f3-3d940bd03b55', '2025-08-09', '11:30', 'free');
INSERT INTO appointment_types (id_appointment_type, id_practitioner, type, duration) VALUES ('0424a064-b284-481b-be60-ff572348b67b', '051ae03c-e319-46c1-8e53-7995a32f529f', 'Consultation 3', 30);
INSERT INTO appointment_slots (id_appointment_slot, id_practitioner, id_availability, id_appointment_type, date, hour, status) VALUES ('1f0b37cf-476d-40af-861b-83d93f016370', '051ae03c-e319-46c1-8e53-7995a32f529f', 'a3a9fb21-b3c1-4378-8bee-0eebafbf6d32', '0424a064-b284-481b-be60-ff572348b67b', '2025-08-09', '09:00', 'free');
INSERT INTO appointment_slots (id_appointment_slot, id_practitioner, id_availability, id_appointment_type, date, hour, status) VALUES ('22178cc1-59c7-47a0-b9dc-a6658c534b2e', '051ae03c-e319-46c1-8e53-7995a32f529f', 'a3a9fb21-b3c1-4378-8bee-0eebafbf6d32', '0424a064-b284-481b-be60-ff572348b67b', '2025-08-09', '09:30', 'free');
INSERT INTO appointment_slots (id_appointment_slot, id_practitioner, id_availability, id_appointment_type, date, hour, status) VALUES ('7154a43d-c9f0-4ccb-9a7f-d30b4e620059', '051ae03c-e319-46c1-8e53-7995a32f529f', 'a3a9fb21-b3c1-4378-8bee-0eebafbf6d32', '0424a064-b284-481b-be60-ff572348b67b', '2025-08-09', '10:00', 'free');
INSERT INTO appointment_slots (id_appointment_slot, id_practitioner, id_availability, id_appointment_type, date, hour, status) VALUES ('27c57892-46de-4560-b41e-bd2737c2e8bb', '051ae03c-e319-46c1-8e53-7995a32f529f', 'a3a9fb21-b3c1-4378-8bee-0eebafbf6d32', '0424a064-b284-481b-be60-ff572348b67b', '2025-08-09', '10:30', 'free');
INSERT INTO appointment_slots (id_appointment_slot, id_practitioner, id_availability, id_appointment_type, date, hour, status) VALUES ('1af5a633-ef08-44c7-a19c-48989570c793', '051ae03c-e319-46c1-8e53-7995a32f529f', 'a3a9fb21-b3c1-4378-8bee-0eebafbf6d32', '0424a064-b284-481b-be60-ff572348b67b', '2025-08-09', '11:00', 'free');
INSERT INTO appointment_slots (id_appointment_slot, id_practitioner, id_availability, id_appointment_type, date, hour, status) VALUES ('6549c582-7918-4572-9d8f-3871c9e51697', '051ae03c-e319-46c1-8e53-7995a32f529f', 'a3a9fb21-b3c1-4378-8bee-0eebafbf6d32', '0424a064-b284-481b-be60-ff572348b67b', '2025-08-09', '11:30', 'free');
INSERT INTO appointments (id_appointments, id_patient, id_appointment_slot, status) VALUES ('f7a7de4d-08aa-4c7c-b23a-06a33edde464', '5e56be81-91d9-40f2-8cf1-8241049f1e69', 'f3bbacb6-a260-4ee8-8610-61f6e0d2942b', 'confirmed');
INSERT INTO appointments (id_appointments, id_patient, id_appointment_slot, status) VALUES ('a0907a9e-84ba-479f-bc96-7ff8c5059054', '5e56be81-91d9-40f2-8cf1-8241049f1e69', '1e3d3e0a-f631-4c8e-8428-4b315f1516be', 'completed');
INSERT INTO appointments (id_appointments, id_patient, id_appointment_slot, status) VALUES ('c89f0670-828e-4c8b-b02c-caa943321efd', '5e56be81-91d9-40f2-8cf1-8241049f1e69', '1af5a633-ef08-44c7-a19c-48989570c793', 'confirmed');
INSERT INTO appointments (id_appointments, id_patient, id_appointment_slot, status) VALUES ('92768fb2-ddf4-4b95-a758-33c45fbdc0d2', '7ed6fc09-e13b-4673-a2ef-f24f55efc4ed', 'cf117610-339a-42f0-ae12-4cd9f9c10c8d', 'confirmed');
INSERT INTO appointments (id_appointments, id_patient, id_appointment_slot, status) VALUES ('4bd826a5-beaa-4638-bab4-87ba46924d61', '7ed6fc09-e13b-4673-a2ef-f24f55efc4ed', 'ba6036bf-03d9-459f-a06e-447465310aa3', 'confirmed');
INSERT INTO appointments (id_appointments, id_patient, id_appointment_slot, status) VALUES ('7aa9a257-4485-4479-85b7-a37e02efa668', '7ed6fc09-e13b-4673-a2ef-f24f55efc4ed', '5a7751e7-08b1-4747-8670-eb2d0d530cd8', 'completed');
INSERT INTO appointments (id_appointments, id_patient, id_appointment_slot, status) VALUES ('cf0f8e39-8d7b-40d9-9f89-bfe846c405f8', 'f9be0ef8-1c24-4be2-9fea-8f699d8fdf67', 'd51b56dc-3e89-4f61-97ac-9e93455c672e', 'confirmed');
INSERT INTO appointments (id_appointments, id_patient, id_appointment_slot, status) VALUES ('87a481c7-213f-46aa-a031-6a67bcfae23c', 'f9be0ef8-1c24-4be2-9fea-8f699d8fdf67', '445f5af4-82c5-438c-98ff-c80c1469c586', 'completed');
INSERT INTO appointments (id_appointments, id_patient, id_appointment_slot, status) VALUES ('6146fb33-1852-410e-9ccf-e1df1cc60c73', 'f9be0ef8-1c24-4be2-9fea-8f699d8fdf67', 'afcc410e-b420-4eb1-8c00-acc2cbbaa2ba', 'completed');
COMMIT;