BEGIN;
INSERT INTO users (id_user, firstname, lastname, email, password, birthdate, gender, adress, phone) VALUES ('u1', 'Alice', 'Dupont', 'alice@example.com', 'hashed_pwd1', '1990-01-01', 'F', '123 Rue A', '0102030405');
INSERT INTO users (id_user, firstname, lastname, email, password, birthdate, gender, adress, phone) VALUES ('u2', 'Bob', 'Martin', 'bob@example.com', 'hashed_pwd2', '1985-06-15', 'M', '456 Rue B', '0203040506');
INSERT INTO users (id_user, firstname, lastname, email, password, birthdate, gender, adress, phone) VALUES ('u3', 'Claire', 'Durand', 'claire@example.com', 'hashed_pwd3', '1992-03-22', 'F', '789 Rue C', '0304050607');
INSERT INTO users (id_user, firstname, lastname, email, password, birthdate, gender, adress, phone) VALUES ('u4', 'David', 'Lemoine', 'david@example.com', 'hashed_pwd4', '1978-11-09', 'M', '101 Rue D', '0405060708');
INSERT INTO users (id_user, firstname, lastname, email, password, birthdate, gender, adress, phone) VALUES ('u5', 'Emma', 'Bernard', 'emma@example.com', 'hashed_pwd5', '1988-09-30', 'F', '202 Rue E', '0506070809');
INSERT INTO patients (id_patient, id_user) VALUES ('p1', 'u1');
INSERT INTO patients (id_patient, id_user) VALUES ('p2', 'u2');
INSERT INTO patients (id_patient, id_user) VALUES ('p3', 'u3');
INSERT INTO practitioners (id_practitioner, id_user, speciality, location) VALUES ('pr1', 'u4', 'Généraliste', 'Paris');
INSERT INTO practitioners (id_practitioner, id_user, speciality, location) VALUES ('pr2', 'u5', 'Généraliste', 'Paris');
INSERT INTO availabilities (id_availability, id_practitioner, date, start_time, end_time) VALUES ('a11', 'pr1', '2025-08-03', '09:00', '12:00');
INSERT INTO appointment_types (id_appointment_type, id_practitioner, type, duration) VALUES ('at111', 'pr1', 'Consultation 1', 30);
INSERT INTO appointment_slots (id_appointment_slot, id_practitioner, id_availability, id_appointment_type, date, hour, status) VALUES ('s1', 'pr1', 'a11', 'at111', '2025-08-03', '09:00', 'free');
INSERT INTO appointment_slots (id_appointment_slot, id_practitioner, id_availability, id_appointment_type, date, hour, status) VALUES ('s2', 'pr1', 'a11', 'at111', '2025-08-03', '09:30', 'free');
INSERT INTO appointment_slots (id_appointment_slot, id_practitioner, id_availability, id_appointment_type, date, hour, status) VALUES ('s3', 'pr1', 'a11', 'at111', '2025-08-03', '10:00', 'free');
INSERT INTO appointment_slots (id_appointment_slot, id_practitioner, id_availability, id_appointment_type, date, hour, status) VALUES ('s4', 'pr1', 'a11', 'at111', '2025-08-03', '10:30', 'free');
INSERT INTO appointment_slots (id_appointment_slot, id_practitioner, id_availability, id_appointment_type, date, hour, status) VALUES ('s5', 'pr1', 'a11', 'at111', '2025-08-03', '11:00', 'free');
INSERT INTO appointment_slots (id_appointment_slot, id_practitioner, id_availability, id_appointment_type, date, hour, status) VALUES ('s6', 'pr1', 'a11', 'at111', '2025-08-03', '11:30', 'free');
INSERT INTO appointment_types (id_appointment_type, id_practitioner, type, duration) VALUES ('at112', 'pr1', 'Consultation 2', 30);
INSERT INTO appointment_slots (id_appointment_slot, id_practitioner, id_availability, id_appointment_type, date, hour, status) VALUES ('s7', 'pr1', 'a11', 'at112', '2025-08-03', '09:00', 'free');
INSERT INTO appointment_slots (id_appointment_slot, id_practitioner, id_availability, id_appointment_type, date, hour, status) VALUES ('s8', 'pr1', 'a11', 'at112', '2025-08-03', '09:30', 'free');
INSERT INTO appointment_slots (id_appointment_slot, id_practitioner, id_availability, id_appointment_type, date, hour, status) VALUES ('s9', 'pr1', 'a11', 'at112', '2025-08-03', '10:00', 'free');
INSERT INTO appointment_slots (id_appointment_slot, id_practitioner, id_availability, id_appointment_type, date, hour, status) VALUES ('s10', 'pr1', 'a11', 'at112', '2025-08-03', '10:30', 'free');
INSERT INTO appointment_slots (id_appointment_slot, id_practitioner, id_availability, id_appointment_type, date, hour, status) VALUES ('s11', 'pr1', 'a11', 'at112', '2025-08-03', '11:00', 'free');
INSERT INTO appointment_slots (id_appointment_slot, id_practitioner, id_availability, id_appointment_type, date, hour, status) VALUES ('s12', 'pr1', 'a11', 'at112', '2025-08-03', '11:30', 'free');
INSERT INTO appointment_types (id_appointment_type, id_practitioner, type, duration) VALUES ('at113', 'pr1', 'Consultation 3', 30);
INSERT INTO appointment_slots (id_appointment_slot, id_practitioner, id_availability, id_appointment_type, date, hour, status) VALUES ('s13', 'pr1', 'a11', 'at113', '2025-08-03', '09:00', 'free');
INSERT INTO appointment_slots (id_appointment_slot, id_practitioner, id_availability, id_appointment_type, date, hour, status) VALUES ('s14', 'pr1', 'a11', 'at113', '2025-08-03', '09:30', 'free');
INSERT INTO appointment_slots (id_appointment_slot, id_practitioner, id_availability, id_appointment_type, date, hour, status) VALUES ('s15', 'pr1', 'a11', 'at113', '2025-08-03', '10:00', 'free');
INSERT INTO appointment_slots (id_appointment_slot, id_practitioner, id_availability, id_appointment_type, date, hour, status) VALUES ('s16', 'pr1', 'a11', 'at113', '2025-08-03', '10:30', 'free');
INSERT INTO appointment_slots (id_appointment_slot, id_practitioner, id_availability, id_appointment_type, date, hour, status) VALUES ('s17', 'pr1', 'a11', 'at113', '2025-08-03', '11:00', 'free');
INSERT INTO appointment_slots (id_appointment_slot, id_practitioner, id_availability, id_appointment_type, date, hour, status) VALUES ('s18', 'pr1', 'a11', 'at113', '2025-08-03', '11:30', 'free');
INSERT INTO availabilities (id_availability, id_practitioner, date, start_time, end_time) VALUES ('a12', 'pr1', '2025-08-05', '14:00', '18:00');
INSERT INTO appointment_types (id_appointment_type, id_practitioner, type, duration) VALUES ('at121', 'pr1', 'Consultation 1', 30);
INSERT INTO appointment_slots (id_appointment_slot, id_practitioner, id_availability, id_appointment_type, date, hour, status) VALUES ('s19', 'pr1', 'a12', 'at121', '2025-08-05', '14:00', 'free');
INSERT INTO appointment_slots (id_appointment_slot, id_practitioner, id_availability, id_appointment_type, date, hour, status) VALUES ('s20', 'pr1', 'a12', 'at121', '2025-08-05', '14:30', 'free');
INSERT INTO appointment_slots (id_appointment_slot, id_practitioner, id_availability, id_appointment_type, date, hour, status) VALUES ('s21', 'pr1', 'a12', 'at121', '2025-08-05', '15:00', 'free');
INSERT INTO appointment_slots (id_appointment_slot, id_practitioner, id_availability, id_appointment_type, date, hour, status) VALUES ('s22', 'pr1', 'a12', 'at121', '2025-08-05', '15:30', 'free');
INSERT INTO appointment_slots (id_appointment_slot, id_practitioner, id_availability, id_appointment_type, date, hour, status) VALUES ('s23', 'pr1', 'a12', 'at121', '2025-08-05', '16:00', 'free');
INSERT INTO appointment_slots (id_appointment_slot, id_practitioner, id_availability, id_appointment_type, date, hour, status) VALUES ('s24', 'pr1', 'a12', 'at121', '2025-08-05', '16:30', 'free');
INSERT INTO appointment_types (id_appointment_type, id_practitioner, type, duration) VALUES ('at122', 'pr1', 'Consultation 2', 30);
INSERT INTO appointment_slots (id_appointment_slot, id_practitioner, id_availability, id_appointment_type, date, hour, status) VALUES ('s25', 'pr1', 'a12', 'at122', '2025-08-05', '14:00', 'free');
INSERT INTO appointment_slots (id_appointment_slot, id_practitioner, id_availability, id_appointment_type, date, hour, status) VALUES ('s26', 'pr1', 'a12', 'at122', '2025-08-05', '14:30', 'free');
INSERT INTO appointment_slots (id_appointment_slot, id_practitioner, id_availability, id_appointment_type, date, hour, status) VALUES ('s27', 'pr1', 'a12', 'at122', '2025-08-05', '15:00', 'free');
INSERT INTO appointment_slots (id_appointment_slot, id_practitioner, id_availability, id_appointment_type, date, hour, status) VALUES ('s28', 'pr1', 'a12', 'at122', '2025-08-05', '15:30', 'free');
INSERT INTO appointment_slots (id_appointment_slot, id_practitioner, id_availability, id_appointment_type, date, hour, status) VALUES ('s29', 'pr1', 'a12', 'at122', '2025-08-05', '16:00', 'free');
INSERT INTO appointment_slots (id_appointment_slot, id_practitioner, id_availability, id_appointment_type, date, hour, status) VALUES ('s30', 'pr1', 'a12', 'at122', '2025-08-05', '16:30', 'free');
INSERT INTO appointment_types (id_appointment_type, id_practitioner, type, duration) VALUES ('at123', 'pr1', 'Consultation 3', 30);
INSERT INTO appointment_slots (id_appointment_slot, id_practitioner, id_availability, id_appointment_type, date, hour, status) VALUES ('s31', 'pr1', 'a12', 'at123', '2025-08-05', '14:00', 'free');
INSERT INTO appointment_slots (id_appointment_slot, id_practitioner, id_availability, id_appointment_type, date, hour, status) VALUES ('s32', 'pr1', 'a12', 'at123', '2025-08-05', '14:30', 'free');
INSERT INTO appointment_slots (id_appointment_slot, id_practitioner, id_availability, id_appointment_type, date, hour, status) VALUES ('s33', 'pr1', 'a12', 'at123', '2025-08-05', '15:00', 'free');
INSERT INTO appointment_slots (id_appointment_slot, id_practitioner, id_availability, id_appointment_type, date, hour, status) VALUES ('s34', 'pr1', 'a12', 'at123', '2025-08-05', '15:30', 'free');
INSERT INTO appointment_slots (id_appointment_slot, id_practitioner, id_availability, id_appointment_type, date, hour, status) VALUES ('s35', 'pr1', 'a12', 'at123', '2025-08-05', '16:00', 'free');
INSERT INTO appointment_slots (id_appointment_slot, id_practitioner, id_availability, id_appointment_type, date, hour, status) VALUES ('s36', 'pr1', 'a12', 'at123', '2025-08-05', '16:30', 'free');
INSERT INTO availabilities (id_availability, id_practitioner, date, start_time, end_time) VALUES ('a13', 'pr1', '2025-08-07', '09:00', '12:00');
INSERT INTO appointment_types (id_appointment_type, id_practitioner, type, duration) VALUES ('at131', 'pr1', 'Consultation 1', 30);
INSERT INTO appointment_slots (id_appointment_slot, id_practitioner, id_availability, id_appointment_type, date, hour, status) VALUES ('s37', 'pr1', 'a13', 'at131', '2025-08-07', '09:00', 'free');
INSERT INTO appointment_slots (id_appointment_slot, id_practitioner, id_availability, id_appointment_type, date, hour, status) VALUES ('s38', 'pr1', 'a13', 'at131', '2025-08-07', '09:30', 'free');
INSERT INTO appointment_slots (id_appointment_slot, id_practitioner, id_availability, id_appointment_type, date, hour, status) VALUES ('s39', 'pr1', 'a13', 'at131', '2025-08-07', '10:00', 'free');
INSERT INTO appointment_slots (id_appointment_slot, id_practitioner, id_availability, id_appointment_type, date, hour, status) VALUES ('s40', 'pr1', 'a13', 'at131', '2025-08-07', '10:30', 'free');
INSERT INTO appointment_slots (id_appointment_slot, id_practitioner, id_availability, id_appointment_type, date, hour, status) VALUES ('s41', 'pr1', 'a13', 'at131', '2025-08-07', '11:00', 'free');
INSERT INTO appointment_slots (id_appointment_slot, id_practitioner, id_availability, id_appointment_type, date, hour, status) VALUES ('s42', 'pr1', 'a13', 'at131', '2025-08-07', '11:30', 'free');
INSERT INTO appointment_types (id_appointment_type, id_practitioner, type, duration) VALUES ('at132', 'pr1', 'Consultation 2', 30);
INSERT INTO appointment_slots (id_appointment_slot, id_practitioner, id_availability, id_appointment_type, date, hour, status) VALUES ('s43', 'pr1', 'a13', 'at132', '2025-08-07', '09:00', 'free');
INSERT INTO appointment_slots (id_appointment_slot, id_practitioner, id_availability, id_appointment_type, date, hour, status) VALUES ('s44', 'pr1', 'a13', 'at132', '2025-08-07', '09:30', 'free');
INSERT INTO appointment_slots (id_appointment_slot, id_practitioner, id_availability, id_appointment_type, date, hour, status) VALUES ('s45', 'pr1', 'a13', 'at132', '2025-08-07', '10:00', 'free');
INSERT INTO appointment_slots (id_appointment_slot, id_practitioner, id_availability, id_appointment_type, date, hour, status) VALUES ('s46', 'pr1', 'a13', 'at132', '2025-08-07', '10:30', 'free');
INSERT INTO appointment_slots (id_appointment_slot, id_practitioner, id_availability, id_appointment_type, date, hour, status) VALUES ('s47', 'pr1', 'a13', 'at132', '2025-08-07', '11:00', 'free');
INSERT INTO appointment_slots (id_appointment_slot, id_practitioner, id_availability, id_appointment_type, date, hour, status) VALUES ('s48', 'pr1', 'a13', 'at132', '2025-08-07', '11:30', 'free');
INSERT INTO appointment_types (id_appointment_type, id_practitioner, type, duration) VALUES ('at133', 'pr1', 'Consultation 3', 30);
INSERT INTO appointment_slots (id_appointment_slot, id_practitioner, id_availability, id_appointment_type, date, hour, status) VALUES ('s49', 'pr1', 'a13', 'at133', '2025-08-07', '09:00', 'free');
INSERT INTO appointment_slots (id_appointment_slot, id_practitioner, id_availability, id_appointment_type, date, hour, status) VALUES ('s50', 'pr1', 'a13', 'at133', '2025-08-07', '09:30', 'free');
INSERT INTO appointment_slots (id_appointment_slot, id_practitioner, id_availability, id_appointment_type, date, hour, status) VALUES ('s51', 'pr1', 'a13', 'at133', '2025-08-07', '10:00', 'free');
INSERT INTO appointment_slots (id_appointment_slot, id_practitioner, id_availability, id_appointment_type, date, hour, status) VALUES ('s52', 'pr1', 'a13', 'at133', '2025-08-07', '10:30', 'free');
INSERT INTO appointment_slots (id_appointment_slot, id_practitioner, id_availability, id_appointment_type, date, hour, status) VALUES ('s53', 'pr1', 'a13', 'at133', '2025-08-07', '11:00', 'free');
INSERT INTO appointment_slots (id_appointment_slot, id_practitioner, id_availability, id_appointment_type, date, hour, status) VALUES ('s54', 'pr1', 'a13', 'at133', '2025-08-07', '11:30', 'free');
INSERT INTO availabilities (id_availability, id_practitioner, date, start_time, end_time) VALUES ('a21', 'pr2', '2025-08-03', '09:00', '12:00');
INSERT INTO appointment_types (id_appointment_type, id_practitioner, type, duration) VALUES ('at211', 'pr2', 'Consultation 1', 30);
INSERT INTO appointment_slots (id_appointment_slot, id_practitioner, id_availability, id_appointment_type, date, hour, status) VALUES ('s55', 'pr2', 'a21', 'at211', '2025-08-03', '09:00', 'free');
INSERT INTO appointment_slots (id_appointment_slot, id_practitioner, id_availability, id_appointment_type, date, hour, status) VALUES ('s56', 'pr2', 'a21', 'at211', '2025-08-03', '09:30', 'free');
INSERT INTO appointment_slots (id_appointment_slot, id_practitioner, id_availability, id_appointment_type, date, hour, status) VALUES ('s57', 'pr2', 'a21', 'at211', '2025-08-03', '10:00', 'free');
INSERT INTO appointment_slots (id_appointment_slot, id_practitioner, id_availability, id_appointment_type, date, hour, status) VALUES ('s58', 'pr2', 'a21', 'at211', '2025-08-03', '10:30', 'free');
INSERT INTO appointment_slots (id_appointment_slot, id_practitioner, id_availability, id_appointment_type, date, hour, status) VALUES ('s59', 'pr2', 'a21', 'at211', '2025-08-03', '11:00', 'free');
INSERT INTO appointment_slots (id_appointment_slot, id_practitioner, id_availability, id_appointment_type, date, hour, status) VALUES ('s60', 'pr2', 'a21', 'at211', '2025-08-03', '11:30', 'free');
INSERT INTO appointment_types (id_appointment_type, id_practitioner, type, duration) VALUES ('at212', 'pr2', 'Consultation 2', 30);
INSERT INTO appointment_slots (id_appointment_slot, id_practitioner, id_availability, id_appointment_type, date, hour, status) VALUES ('s61', 'pr2', 'a21', 'at212', '2025-08-03', '09:00', 'free');
INSERT INTO appointment_slots (id_appointment_slot, id_practitioner, id_availability, id_appointment_type, date, hour, status) VALUES ('s62', 'pr2', 'a21', 'at212', '2025-08-03', '09:30', 'free');
INSERT INTO appointment_slots (id_appointment_slot, id_practitioner, id_availability, id_appointment_type, date, hour, status) VALUES ('s63', 'pr2', 'a21', 'at212', '2025-08-03', '10:00', 'free');
INSERT INTO appointment_slots (id_appointment_slot, id_practitioner, id_availability, id_appointment_type, date, hour, status) VALUES ('s64', 'pr2', 'a21', 'at212', '2025-08-03', '10:30', 'free');
INSERT INTO appointment_slots (id_appointment_slot, id_practitioner, id_availability, id_appointment_type, date, hour, status) VALUES ('s65', 'pr2', 'a21', 'at212', '2025-08-03', '11:00', 'free');
INSERT INTO appointment_slots (id_appointment_slot, id_practitioner, id_availability, id_appointment_type, date, hour, status) VALUES ('s66', 'pr2', 'a21', 'at212', '2025-08-03', '11:30', 'free');
INSERT INTO appointment_types (id_appointment_type, id_practitioner, type, duration) VALUES ('at213', 'pr2', 'Consultation 3', 30);
INSERT INTO appointment_slots (id_appointment_slot, id_practitioner, id_availability, id_appointment_type, date, hour, status) VALUES ('s67', 'pr2', 'a21', 'at213', '2025-08-03', '09:00', 'free');
INSERT INTO appointment_slots (id_appointment_slot, id_practitioner, id_availability, id_appointment_type, date, hour, status) VALUES ('s68', 'pr2', 'a21', 'at213', '2025-08-03', '09:30', 'free');
INSERT INTO appointment_slots (id_appointment_slot, id_practitioner, id_availability, id_appointment_type, date, hour, status) VALUES ('s69', 'pr2', 'a21', 'at213', '2025-08-03', '10:00', 'free');
INSERT INTO appointment_slots (id_appointment_slot, id_practitioner, id_availability, id_appointment_type, date, hour, status) VALUES ('s70', 'pr2', 'a21', 'at213', '2025-08-03', '10:30', 'free');
INSERT INTO appointment_slots (id_appointment_slot, id_practitioner, id_availability, id_appointment_type, date, hour, status) VALUES ('s71', 'pr2', 'a21', 'at213', '2025-08-03', '11:00', 'free');
INSERT INTO appointment_slots (id_appointment_slot, id_practitioner, id_availability, id_appointment_type, date, hour, status) VALUES ('s72', 'pr2', 'a21', 'at213', '2025-08-03', '11:30', 'free');
INSERT INTO availabilities (id_availability, id_practitioner, date, start_time, end_time) VALUES ('a22', 'pr2', '2025-08-05', '14:00', '18:00');
INSERT INTO appointment_types (id_appointment_type, id_practitioner, type, duration) VALUES ('at221', 'pr2', 'Consultation 1', 30);
INSERT INTO appointment_slots (id_appointment_slot, id_practitioner, id_availability, id_appointment_type, date, hour, status) VALUES ('s73', 'pr2', 'a22', 'at221', '2025-08-05', '14:00', 'free');
INSERT INTO appointment_slots (id_appointment_slot, id_practitioner, id_availability, id_appointment_type, date, hour, status) VALUES ('s74', 'pr2', 'a22', 'at221', '2025-08-05', '14:30', 'free');
INSERT INTO appointment_slots (id_appointment_slot, id_practitioner, id_availability, id_appointment_type, date, hour, status) VALUES ('s75', 'pr2', 'a22', 'at221', '2025-08-05', '15:00', 'free');
INSERT INTO appointment_slots (id_appointment_slot, id_practitioner, id_availability, id_appointment_type, date, hour, status) VALUES ('s76', 'pr2', 'a22', 'at221', '2025-08-05', '15:30', 'free');
INSERT INTO appointment_slots (id_appointment_slot, id_practitioner, id_availability, id_appointment_type, date, hour, status) VALUES ('s77', 'pr2', 'a22', 'at221', '2025-08-05', '16:00', 'free');
INSERT INTO appointment_slots (id_appointment_slot, id_practitioner, id_availability, id_appointment_type, date, hour, status) VALUES ('s78', 'pr2', 'a22', 'at221', '2025-08-05', '16:30', 'free');
INSERT INTO appointment_types (id_appointment_type, id_practitioner, type, duration) VALUES ('at222', 'pr2', 'Consultation 2', 30);
INSERT INTO appointment_slots (id_appointment_slot, id_practitioner, id_availability, id_appointment_type, date, hour, status) VALUES ('s79', 'pr2', 'a22', 'at222', '2025-08-05', '14:00', 'free');
INSERT INTO appointment_slots (id_appointment_slot, id_practitioner, id_availability, id_appointment_type, date, hour, status) VALUES ('s80', 'pr2', 'a22', 'at222', '2025-08-05', '14:30', 'free');
INSERT INTO appointment_slots (id_appointment_slot, id_practitioner, id_availability, id_appointment_type, date, hour, status) VALUES ('s81', 'pr2', 'a22', 'at222', '2025-08-05', '15:00', 'free');
INSERT INTO appointment_slots (id_appointment_slot, id_practitioner, id_availability, id_appointment_type, date, hour, status) VALUES ('s82', 'pr2', 'a22', 'at222', '2025-08-05', '15:30', 'free');
INSERT INTO appointment_slots (id_appointment_slot, id_practitioner, id_availability, id_appointment_type, date, hour, status) VALUES ('s83', 'pr2', 'a22', 'at222', '2025-08-05', '16:00', 'free');
INSERT INTO appointment_slots (id_appointment_slot, id_practitioner, id_availability, id_appointment_type, date, hour, status) VALUES ('s84', 'pr2', 'a22', 'at222', '2025-08-05', '16:30', 'free');
INSERT INTO appointment_types (id_appointment_type, id_practitioner, type, duration) VALUES ('at223', 'pr2', 'Consultation 3', 30);
INSERT INTO appointment_slots (id_appointment_slot, id_practitioner, id_availability, id_appointment_type, date, hour, status) VALUES ('s85', 'pr2', 'a22', 'at223', '2025-08-05', '14:00', 'free');
INSERT INTO appointment_slots (id_appointment_slot, id_practitioner, id_availability, id_appointment_type, date, hour, status) VALUES ('s86', 'pr2', 'a22', 'at223', '2025-08-05', '14:30', 'free');
INSERT INTO appointment_slots (id_appointment_slot, id_practitioner, id_availability, id_appointment_type, date, hour, status) VALUES ('s87', 'pr2', 'a22', 'at223', '2025-08-05', '15:00', 'free');
INSERT INTO appointment_slots (id_appointment_slot, id_practitioner, id_availability, id_appointment_type, date, hour, status) VALUES ('s88', 'pr2', 'a22', 'at223', '2025-08-05', '15:30', 'free');
INSERT INTO appointment_slots (id_appointment_slot, id_practitioner, id_availability, id_appointment_type, date, hour, status) VALUES ('s89', 'pr2', 'a22', 'at223', '2025-08-05', '16:00', 'free');
INSERT INTO appointment_slots (id_appointment_slot, id_practitioner, id_availability, id_appointment_type, date, hour, status) VALUES ('s90', 'pr2', 'a22', 'at223', '2025-08-05', '16:30', 'free');
INSERT INTO availabilities (id_availability, id_practitioner, date, start_time, end_time) VALUES ('a23', 'pr2', '2025-08-07', '09:00', '12:00');
INSERT INTO appointment_types (id_appointment_type, id_practitioner, type, duration) VALUES ('at231', 'pr2', 'Consultation 1', 30);
INSERT INTO appointment_slots (id_appointment_slot, id_practitioner, id_availability, id_appointment_type, date, hour, status) VALUES ('s91', 'pr2', 'a23', 'at231', '2025-08-07', '09:00', 'free');
INSERT INTO appointment_slots (id_appointment_slot, id_practitioner, id_availability, id_appointment_type, date, hour, status) VALUES ('s92', 'pr2', 'a23', 'at231', '2025-08-07', '09:30', 'free');
INSERT INTO appointment_slots (id_appointment_slot, id_practitioner, id_availability, id_appointment_type, date, hour, status) VALUES ('s93', 'pr2', 'a23', 'at231', '2025-08-07', '10:00', 'free');
INSERT INTO appointment_slots (id_appointment_slot, id_practitioner, id_availability, id_appointment_type, date, hour, status) VALUES ('s94', 'pr2', 'a23', 'at231', '2025-08-07', '10:30', 'free');
INSERT INTO appointment_slots (id_appointment_slot, id_practitioner, id_availability, id_appointment_type, date, hour, status) VALUES ('s95', 'pr2', 'a23', 'at231', '2025-08-07', '11:00', 'free');
INSERT INTO appointment_slots (id_appointment_slot, id_practitioner, id_availability, id_appointment_type, date, hour, status) VALUES ('s96', 'pr2', 'a23', 'at231', '2025-08-07', '11:30', 'free');
INSERT INTO appointment_types (id_appointment_type, id_practitioner, type, duration) VALUES ('at232', 'pr2', 'Consultation 2', 30);
INSERT INTO appointment_slots (id_appointment_slot, id_practitioner, id_availability, id_appointment_type, date, hour, status) VALUES ('s97', 'pr2', 'a23', 'at232', '2025-08-07', '09:00', 'free');
INSERT INTO appointment_slots (id_appointment_slot, id_practitioner, id_availability, id_appointment_type, date, hour, status) VALUES ('s98', 'pr2', 'a23', 'at232', '2025-08-07', '09:30', 'free');
INSERT INTO appointment_slots (id_appointment_slot, id_practitioner, id_availability, id_appointment_type, date, hour, status) VALUES ('s99', 'pr2', 'a23', 'at232', '2025-08-07', '10:00', 'free');
INSERT INTO appointment_slots (id_appointment_slot, id_practitioner, id_availability, id_appointment_type, date, hour, status) VALUES ('s100', 'pr2', 'a23', 'at232', '2025-08-07', '10:30', 'free');
INSERT INTO appointment_slots (id_appointment_slot, id_practitioner, id_availability, id_appointment_type, date, hour, status) VALUES ('s101', 'pr2', 'a23', 'at232', '2025-08-07', '11:00', 'free');
INSERT INTO appointment_slots (id_appointment_slot, id_practitioner, id_availability, id_appointment_type, date, hour, status) VALUES ('s102', 'pr2', 'a23', 'at232', '2025-08-07', '11:30', 'free');
INSERT INTO appointment_types (id_appointment_type, id_practitioner, type, duration) VALUES ('at233', 'pr2', 'Consultation 3', 30);
INSERT INTO appointment_slots (id_appointment_slot, id_practitioner, id_availability, id_appointment_type, date, hour, status) VALUES ('s103', 'pr2', 'a23', 'at233', '2025-08-07', '09:00', 'free');
INSERT INTO appointment_slots (id_appointment_slot, id_practitioner, id_availability, id_appointment_type, date, hour, status) VALUES ('s104', 'pr2', 'a23', 'at233', '2025-08-07', '09:30', 'free');
INSERT INTO appointment_slots (id_appointment_slot, id_practitioner, id_availability, id_appointment_type, date, hour, status) VALUES ('s105', 'pr2', 'a23', 'at233', '2025-08-07', '10:00', 'free');
INSERT INTO appointment_slots (id_appointment_slot, id_practitioner, id_availability, id_appointment_type, date, hour, status) VALUES ('s106', 'pr2', 'a23', 'at233', '2025-08-07', '10:30', 'free');
INSERT INTO appointment_slots (id_appointment_slot, id_practitioner, id_availability, id_appointment_type, date, hour, status) VALUES ('s107', 'pr2', 'a23', 'at233', '2025-08-07', '11:00', 'free');
INSERT INTO appointment_slots (id_appointment_slot, id_practitioner, id_availability, id_appointment_type, date, hour, status) VALUES ('s108', 'pr2', 'a23', 'at233', '2025-08-07', '11:30', 'free');
INSERT INTO appointments (id_appointments, id_patient, id_appointment_slot, status) VALUES ('app11', 'p1', 's13', 'completed');
INSERT INTO appointments (id_appointments, id_patient, id_appointment_slot, status) VALUES ('app12', 'p1', 's24', 'confirmed');
INSERT INTO appointments (id_appointments, id_patient, id_appointment_slot, status) VALUES ('app13', 'p1', 's87', 'completed');
INSERT INTO appointments (id_appointments, id_patient, id_appointment_slot, status) VALUES ('app21', 'p2', 's33', 'confirmed');
INSERT INTO appointments (id_appointments, id_patient, id_appointment_slot, status) VALUES ('app22', 'p2', 's36', 'completed');
INSERT INTO appointments (id_appointments, id_patient, id_appointment_slot, status) VALUES ('app23', 'p2', 's52', 'confirmed');
INSERT INTO appointments (id_appointments, id_patient, id_appointment_slot, status) VALUES ('app31', 'p3', 's103', 'confirmed');
INSERT INTO appointments (id_appointments, id_patient, id_appointment_slot, status) VALUES ('app32', 'p3', 's71', 'completed');
INSERT INTO appointments (id_appointments, id_patient, id_appointment_slot, status) VALUES ('app33', 'p3', 's47', 'completed');
COMMIT;